sp_id,sp_name,avg_savings,,,,
285764,Hubbard Auto Center of Scottsdale,15780,,,,
433597,ISSIMI Inc,12265.91667,,,,
400763,Land Rover North Dade,12071,,,,
404217,iLusso,12067.78571,,,,
438358,Precision Imports,11914,,,,2773
416003,United Sports Autotmotives LLC,11640,,,,3302.320161
384531,Barnaba Auto Sport,11411.66667,,,,2264
303378,Aston Martin of Beverly Hills,11249,,,,
292489,Ferrari of Tampa Bay,11018.61538,,,,
268569,Lamborghini Houston,10397.96296,,,,
57437,Greg Darnell Ford,10332,,,,
430374,Bentley Naples,10302.16667,,,,
302962,Porsche Lehi and Audi Lehi,10177,,,,
350835,Platinum Leasing of Orlando,10163,,,,
439954,Banned Auto Group LLC,10143.8,,,,
310276,Joe's Car Connection,9948,,,,
291381,D & M Motorsports,9613.428571,,,,
327407,Braman Bentley - Braman Rolls Royce,9292.548387,,,,
435809,Fox Auto Sales,9218,,,,
301124,MotorCars International,9180.625,,,,
375612,1Source Auto Boutique,8953,,,,
302403,Ferrari of San Antonio,8623,,,,
280371,EC CARS,8524,,,,
280207,Excell Auto Group Inc.,7962.526316,,,,
274175,Ferrari Maserati of Central New Jersey,7726.3,,,,
341685,MasterCars Company Inc.,7523,,,,
376449,Velocity Motorcars LLC,7165.238095,,,,
435733,McLaren of Charlotte (Used Cars),7162.663866,,,,
67477,Lake Forest Sportscars,7142.981132,,,,
286924,Metro Nissan of Redlands,7124,,,,
409707,Pagani of Beverly Hills,7032.833333,,,,
283860,Enthusiast Auto Group,7011.666667,,,,
409663,Mr Auto USA,6997,,,,
378391,Motorvation,6785,,,,
284992,Calabasas Luxury Motorcars,6734.3,,,,
431882,Benton Truck Sales,6722,,,,
403509,Joe Myars Motors,6689,,,,
401506,Signature Motors OK,6658.25,,,,
278863,Towbin Motor Cars,6613,,,,
393000,Auto Deal Miami,6593,,,,
336959,Black Horse Motors,6549.066667,,,,
153960,Gerardo's Foreign Car Service,6525.5,,,,
409902,Silicon Auto Group,6443.428571,,,,
349455,San Francisco Sports Cars,6361.37931,,,,
295079,Audi Warrington,6353,,,,
285413,Algar Ferrari of Philadelphia,6351.5,,,,
278717,Chapman BMW Chandler,6245,,,,
306454,Jackson's Auto Sales,6227,,,,
333677,UDrive Automobiles,6128.944444,,,,
437166,Wide World Ferrari,6117.058824,,,,
438842,AD Auto,6071,,,,
349703,Private All Star Cars,6052,,,,
67483,Continental Autosports Ferrari,6008.87234,,,,
305813,Eurocar,6007.413333,,,,
433137,GT3 Auto Group,5941.333333,,,,
62941,BMW of Tyler,5934,,,,
432739,Richmond Rocket Auto Sales LLC,5880,,,,
338165,BMW of Cape Cod,5823,,,,
414975,Tactical Fleet,5785.709677,,,,
333474,Brandon Nissan,5757,,,,
311545,Sienna Motors,5751.055556,,,,
283835,Thomas Classics,5746.695652,,,,
440750,CarVio Fresno,5703,,,,
64531,Mazda Knoxville,5611,,,,
278473,Gunbarrel Import Motors,5596.4,,,,
283551,The New Auto Toy Store,5593.175824,,,,
280098,Jon Dellinger Automotive,5555,,,,
48244,Durrence Layne Chevrolet Buick GMC,5463,,,,
47279,Orr GM Superstore,5439,,,,
57898,Tennessee Valley Ford,5403,,,,
435455,Get Motorsports,5400.4,,,,
382565,Ten 11 Auto,5376,,,,
386100,Shafer Auto Group,5349,,,,
370997,O'Gara Coach La Jolla,5305.705882,,,,
319976,Williams Group Auto,5295,,,,
402841,Castle Ford-Lincoln,5275,,,,
285399,Parkway of Wilmington,5242,,,,
432787,Jaguar Land Rover of South Shore,5234,,,,
406923,Discovery Auto Group,5218,,,,
437196,Don Jackson Chrysler Dodge Jeep Ram North,5193.666667,,,,
47820,Taylor Motors Inc,5190,,,,
287384,Ray Catena of Freehold,5167,,,,
405055,The Kar Lot,5167,,,,
275817,Gibson Truck World,5147,,,,
105113,Ferrari of Washington,5133.636364,,,,
301183,Porsche Wichita,5127,,,,
391181,G Motors,5093,,,,
354097,OC Autosource,5066.435897,,,,
436078,Marshall Goldman Beverly Hills,5045.74,,,,
436019,BOSS Exotics,5030.444444,,,,
333516,Bayshore Automotive,4949,,,,
435009,Elkhorn Motor Company ,4934.647059,,,,
381742,SV Motorsport,4933.642857,,,,
366970,Maserati of Newport Beach,4929,,,,
431957,V V Gross Autotrading Company,4917,,,,
347056,Direct Auto Sales,4914,,,,
400600,Mark Motors,4910.091837,,,,
383499,C&R Motors,4910,,,,
296200,Sport Durst Chrysler Jeep Dodge Ram,4892,,,,
61659,Vicksburg Chrysler Dodge Jeep Ram,4874,,,,
124888,Auto Showcase of Carol Stream,4845,,,,
345702,USA Cars,4841.125,,,,
293033,Bill Dodge BMW,4841,,,,
415862,Auto Cafe of Florida,4837.285714,,,,
67336,Ferrari Bentley Lotus of Denver,4823.517241,,,,
415834,Northwest Motorsport - Spokane,4815,,,,
341678,DDW Partners,4802.625,,,,
376472,Response Motors,4763,,,,
400806,Wolf's Elite Autos,4757.8,,,,
415580,Advantage Auto Direct,4746.5,,,,
435243,Gables Sports Cars,4717.772727,,,,
397780,Auto Boutique - Jacksonville,4682,,,,
185978,On The Road Automotive Group Inc,4655.631579,,,,
437283,H&L Motorcars,4650.277778,,,,
273675,Ferrari-Maserati of New England,4645.294118,,,,
285106,Redline European,4626.96,,,,
275335,Team Chevrolet of Goldsboro,4604,,,,
275892,Formula Sports Cars,4599.304348,,,,
390845,Makes & Models,4595.1875,,,,
278509,Red Noland Pre Owned Center,4558,,,,
325739,Mckee's On 14th,4555,,,,
51492,Vestal Buick GMC,4545,,,,
283686,Motorcars of Jackson,4540.263158,,,,
349665,Gulf Coast Motorworks,4509.194444,,,,
434719,Chris' Auto Sales Corp,4501,,,,
340556,Performance Auto Wholesalers,4495.869565,,,,
284883,Plaza Motors,4491,,,,
282174,Jersey Motors,4488,,,,
49139,Studebaker Buick GMC,4477,,,,
51624,Chevrolet Buick GMC of Mount Vernon,4457,,,,
289771,Bentley Parsippany,4427,,,,
53655,Gene Messer Chevrolet,4403,,,,
309168,Fifth Street Motors,4385,,,,
438612,Powertech Select Motorcars,4382,,,,
297547,Lamborghini Sarasota,4362.56,,,,
285764,Hubbard Auto Center of Scottsdale,4349.354839,,,,
408382,Synergy Motors,4346,,,,
372395,United Auto Exchange,4341,,,,
305612,Peltier Subaru,4318,,,,
397829,A.J. Dohmann Chrysler,4316,,,,
125581,Ogden Lincoln of Westmont,4309,,,,
399321,Overton Automotive,4308.571429,,,,
290369,Luxury Auto Leasing,4298.538462,,,,
439119,Allen Samuels Volkswagen,4291,,,,
350875,Celebrity Auto Group,4280.125,,,,
302607,Travis Auto Group,4279.5,,,,
398725,26 Motors,4277.969697,,,,
416328,Volvo Cars West Houston,4273.5,,,,
65153,Carriage Nissan,4263,,,,
436579,Ultra Motorcars,4258.893617,,,,
298325,Larry Stigers Equipment Trailers & Trucks ,4248.192308,,,,
58511,Gagne Ford Inc.,4231,,,,
298814,Maserati of Cincinnati,4221,,,,
409083,Dealz and Auto Stealz,4219,,,,
373391,Porsche of Tampa,4204.157895,,,,
59906,Acura of Serramonte,4199,,,,
279026,Value Cars Inc,4177,,,,
439876,Bullet Automotive Group,4172.307692,,,,
297027,Capitol Motors LLC,4170,,,,
435537,Eastside Motoring,4168.666667,,,,
381534,Northshore Motors,4160.760563,,,,
283416,Team One Motorcars,4156.875,,,,
372345,Bentley Rolls-Royce Motor Cars Westlake,4124.962963,,,,
380154,Lamborghini Broward,4070,,,,
385769,Vegas Auto Gallery,4068.278481,,,,
57515,Skyline Ford South,4067,,,,
282692,Castle Car NY,4060.14,,,,
382834,Red Carpet Quality Auto,4056,,,,
291232,EuroCars LLC,4056,,,,
285608,Platinum Auto Group,4055,,,,
333683,Cantech Automotive,4053.6,,,,
369480,IntelliCar,4047,,,,
334352,Kalispell Ford,4046.5,,,,
379369,Car Connections KC,4044,,,,
367246,Rancho Santa Fe Autos,4040.425,,,,
340507,Autoland of West,4030.25,,,,
50382,Skinners Chevrolet Buick GMC,4023,,,,
318398,Baseline Auto Group,4014,,,,
430372,Rolls Royce Naples,3982.933333,,,,
63454,Gillis Auto Center,3979.5,,,,
336242,Fusion Luxury Motors,3971.5,,,,
283803,Marshall Goldman Motor Sales,3970.045802,,,,
338623,CNC Motors,3968.137931,,,,
287896,Auffenberg Ford North,3965.333333,,,,
346031,Audi North Orlando,3955.75,,,,
275069,Porsche Annapolis,3953,,,,
285409,Integrity Motors,3947,,,,
349153,McLaren Scottsdale,3939.733333,,,,
437466,AutoBuy Direct,3938,,,,
379674,Gulf Coast Exotic Auto LLC,3935.166667,,,,
381928,iAuto,3930,,,,
60900,Midway Dodge,3930,,,,
382005,Apple Auto Mitsubishi,3929.5,,,,
290274,Prostrollo All-American Auto Mall,3922,,,,
276025,Porsche Fort Myers,3912.666667,,,,
266490,Rusnak Westlake Porsche,3901.259259,,,,
282731,Auto Gallery Imports,3897.871795,,,,
370818,DBE Enterprises,3887,,,,
285111,Pacific Auto Center,3881.5,,,,
325776,Phil Wright Autoplex,3866.5,,,,
62077,BMW of Oyster Bay,3864.615385,,,,
370296,Long Island Sports Cars,3840.69697,,,,
343247,Jake's Motorcars,3832.181818,,,,
388988,Emperial Luxury Motors,3828.181818,,,,
252054,Martins German Service Inc,3827,,,,
384196,McLaren Boston,3819.764706,,,,
342812,Exotic Sports Cars,3808.166667,,,,
276161,Capitol Hyundai Montgomery,3806,,,,
405137,Catalano Motors,3802,,,,
337739,Car Geeks,3800.666667,,,,
407070,Brookwood Auto Group,3799,,,,
374407,Bryans Car Corner,3797,,,,
97656,Future Nissan,3796.833333,,,,
413673,Farha Used Cars,3776,,,,
379915,West Coast Exotic Cars,3769.88,,,,
377185,Auto World,3763,,,,
67741,Foreign Cars Italia,3756.627451,,,,
341586,Elite Motorsports,3752.133333,,,,
344744,Novak Motorcars,3750.833333,,,,
63288,Sunland Park Chrysler Jeep Dodge Ram,3750,,,,
99713,The Ultimate Machines,3745.5,,,,
326355,Barrett Auto Gallery,3743.857143,,,,
353628,Sewell Cadillac Buick GMC of Midland,3741,,,,
279424,Luxury Motorcars,3730,,,,
392329,HGreg Lux,3726.701439,,,,
346367,North Park Corner Lot,3726,,,,
274289,Ferrari Maserati of Long Island,3722.5,,,,
439084,Jaguar Buffalo,3713.2,,,,
319359,J & S Auto,3706,,,,
310063,Gillman Chevrolet Buick GMC,3702.5,,,,
295736,Reynolds Automotive,3698.75,,,,
397092,Royal Motorcars Inc.,3698,,,,
407731,Arm Motors Inc,3686,,,,
290072,26 Motors 26,3680.253521,,,,
48064,Nimnicht Buick GMC,3676,,,,
64604,Mercedes-Benz of Alexandria,3675,,,,
386009,Car City,3667,,,,
284231,Chicago Motor Cars - East,3660.3,,,,
283128,Classic Motors,3656,,,,
349073,S & H Motor Sales,3651.5,,,,
406072,Equipment Sales of Alabama,3649.142857,,,,
152287,Bentley Boston,3647.25,,,,
341151,BMW of Monrovia,3637,,,,
434287,Euro Prestige Imports LLC,3635.375,,,,
298790,Frontier Motors,3628,,,,
288637,Audi of Colorado Springs,3614.666667,,,,
342669,Unique Auto Import,3607.080645,,,,
55705,Terry's Ford of Peotone,3595,,,,
366464,Village Auto Sales,3589.6,,,,
335301,AExotic Motors,3588.95,,,,
56001,Victory Ford,3585.5,,,,
290584,Rayco Eurospec Motorcars,3577.25,,,,
62918,Classic BMW,3571.5,,,,
332384,Georgetown Auto Sales,3568,,,,
351972,DMK Vehicle Sales and Equipment,3565.333333,,,,
392920,Drive Deleon,3564,,,,
385655,Choice Motor Group LLC,3556.615385,,,,
340504,Greenlite Car Sales,3552,,,,
336451,Palm Springs Hyundai,3548,,,,
249167,Sheehy Volkswagen of Springfield,3545,,,,
363574,RAM Truck and Auto Sales,3544.333333,,,,
63903,Crown Eurocars,3539,,,,
328336,Napleton's Northlake Chrysler Dodge Jeep Ram,3536,,,,
60285,San Diego Chrysler Dodge Jeep Ram,3532,,,,
407751,RoadSport,3529.243243,,,,
63970,Prince Automotive of Valdosta,3528,,,,
434629,Heritage Ford of Vernal Inc.,3517,,,,
433085,Champion Auto,3516.071429,,,,
63832,McDonald Mazda,3506,,,,
60219,BMW of Monterey,3502,,,,
348022,I-75 Pierson Automotive,3496,,,,
310612,Mikes Auto Sales,3495,,,,
140008,Parks Motors of Augusta,3480,,,,
432590,Elite Auto House,3478,,,,
385771,Carrio MotorCars,3472.964286,,,,
340355,United Luxury Motors,3463,,,,
275867,Bomnin Chevrolet Homestead,3463,,,,
231144,Land Rover Austin,3459,,,,
319971,Beauchamp Motors,3457.9375,,,,
430557,Icon Exotics,3453.692308,,,,
430790,LS Automotive,3448,,,,
67398,Ferrari Maserati of Central Florida,3437.269231,,,,
275319,Mercedes-Benz of Cary,3436,,,,
344626,RMC Motorcars,3429.206897,,,,
373237,Mall of Georgia Mini,3426,,,,
292063,Rainbow Mitsubishi North,3423,,,,
389827,NYC Motorcars,3419.601449,,,,
379942,Hi Tech Luxury Imports,3406.411765,,,,
333516,Bayshore Automotive,3400.24,,,,
413318,Dealer Source Automotive,3393,,,,
66224,Volvo of Lynchburg,3392,,,,
374173,Tom Kadlec Kia,3390,,,,
288339,Armadillo Auto Sales,3388,,,,
343406,Hertz Car Sales Kearny Mesa,3382,,,,
401990,CarHeroes,3381.576923,,,,
431447,RP Exotics,3380.208333,,,,
57848,Cleveland Ford,3379.666667,,,,
232261,David McDavid Lincoln,3368,,,,
339081,Alfano Motorcars,3368,,,,
366516,Quantum Auto Sales,3367.833333,,,,
278863,Towbin Motor Cars,3367.241379,,,,
375422,Auto Facil Club,3366.666667,,,,
434805,Envy Auto Group,3361.285714,,,,
59725,Superior Acura of Dayton,3361,,,,
379807,Norco Autoland,3361,,,,
284518,ADL Auto Sales,3355,,,,
66878,Foreign Cars Charlotte,3354.277778,,,,
371615,Manhattan Motorcars Inc.,3353.588235,,,,
362542,Supreme Auto Group,3347.598485,,,,
383699,Victory Toyota,3345.8,,,,
51504,Team Chevrolet Swansboro,3339,,,,
66357,Rusnak Porsche Pasadena,3333.403509,,,,
334860,McKaig Chevrolet Buick,3332.25,,,,
282634,European Masters,3329.349727,,,,
283507,Vera Motors,3327,,,,
274971,Country Diesels,3323.037037,,,,
433737,FIAT of Albuquerque,3312,,,,
431724,Executive Motorcars,3299,,,,
369451,Murray Chrysler Dodge Jeep Ram,3296,,,,
48638,Wight Chevrolet Company,3292,,,,
367133,Merlex Auto Group,3288.542857,,,,
281538,Don's Automotive Group,3287.5,,,,
289257,Herb Chambers Porsche of Boston,3286.625,,,,
434780,Periko Motor Corporation,3278,,,,
417331,Diesel Alliance Trucks,3272.5,,,,
111375,Holman Motorcars Ft. Lauderdale,3271.041096,,,,
290645,Ford of Clermont,3270,,,,
105061,Land Rover Alexandria,3257,,,,
408212,Summit Auto Company,3256,,,,
385238,Mike Ward Maserati of Denver,3254.416667,,,,
282781,European Automobile Company,3253.571429,,,,
440164,Sunset Distributing,3249.5,,,,
412551,Pablo Motors,3245.666667,,,,
285015,Sports Trend Auto,3243.125,,,,
56628,Bill Russell Ford Lincoln,3238.125,,,,
404899,Faulkner Infiniti of Mechanicsburg,3237,,,,
288635,Jackie Cooper BMW MINI,3234.333333,,,,
438878,Cars and Trucks Auto Sales LLC,3231.363636,,,,
116291,Ferrari Maserati of Atlanta,3224.608696,,,,
382756,St Marys Chrysler Dodge Jeep Ram,3223,,,,
56212,Marler Ford Company Inc,3219,,,,
438336,Emex Motors,3214.285714,,,,
326058,Ferrari Maserati Alfa Romeo of Fort Lauderdale,3210.136126,,,,
386143,Executive Auto Sales,3207.222222,,,,
279925,John L. Sullivan Chevrolet,3205.25,,,,
52757,Ewing Buick GMC,3203,,,,
333522,26 Motors of Queens,3196.636364,,,,
432179,Trofeo Motors LLC,3187,,,,
60203,Volkswagen Pasadena,3183,,,,
274063,Benzel-Busch Mercedes-Benz,3178.174129,,,,
302037,Classic Chrysler Jeep Dodge Ram,3178,,,,
350895,Pat McGrath Chevyland,3176,,,,
282969,Dependable Auto Outlet,3175,,,,
404483,Fabelas Auto Sales- Dickinson,3175,,,,
280726,Weisco Motorcars,3174.058824,,,,
291015,Leavitt Auto & Truck,3170.05,,,,
273797,Merchants Automotive Group,3157.7,,,,
286910,Joe Hall Ford Lincoln,3155,,,,
316177,Extreme Autoplex LLC,3154,,,,
197066,Westgate Chrysler Jeep Dodge Ram,3153,,,,
308005,Oldfield's Used Cars,3151,,,,
51871,Jeff Wyler Springfield Chevrolet,3148.5,,,,
311454,Atlanta Autos,3147,,,,
430629,Auto Gallery Mitsubishi of Murrieta,3145.338462,,,,
51668,Christy Chevy Buick Inc.,3143,,,,
398247,Quality Cars,3143,,,,
66141,Nissan of Midland,3137.666667,,,,
431781,Digital Autogroup LA,3137,,,,
411876,Texas Auto Corporation,3135,,,,
434373,Island Auto Mall,3134.365672,,,,
231371,Carsandpickups.com,3131,,,,
328953,Mile High Exotic Motors Inc.,3123.434783,,,,
50994,Straub Motors Inc.,3121,,,,
438712,Fort Hays Auto Sales,3121,,,,
401571,Haus of Imports,3118,,,,
289462,McLaren Philadelphia,3113.244898,,,,
63823,Mercedes-Benz of Littleton,3104,,,,
62031,Autoserv of Tilton,3100,,,,
335932,Kressley’s Auto and Truck,3097.15,,,,
281691,Carbine Motorcars Direct,3096.6,,,,
432605,Dream Car Gallery,3094.833333,,,,
400669,Petrol Auto Sales,3094,,,,
326027,Abernethy Chrysler Jeep Dodge Ram,3085.5,,,,
417012,Fields Mazda Chrysler Jeep Dodge RAM,3081,,,,
435686,Benoit Chrysler Dodge Jeep Ram,3071,,,,
439606,Fitch Motorsports Co,3067.714286,,,,
276487,C&N Motor Cars,3063,,,,
340776,NYC Motorcars of the Bronx,3061.432,,,,
283198,Koons Arlington Toyota,3058,,,,
340042,Star Buick GMC Cadillac Llc,3056,,,,
64716,Lithia Hyundai of Anchorage,3054,,,,
310694,Doaba Motors,3053.181818,,,,
319564,Village Motors,3050,,,,
435561,EuroMotors LLC,3050,,,,
64936,NorCal Motor Company,3039.384615,,,,
326986,Naples Luxury Imports,3036.521739,,,,
438151,Ameritex Autos,3033,,,,
312322,Speed Auto Sales and Leasing,3033,,,,
438552,Pleasant Auto Group,3032.4,,,,
57454,Byford Ford of Fairview,3027.962963,,,,
406347,Forward Auto Sales,3022,,,,
278878,Reno Buick GMC Cadillac,3019,,,,
281093,K.C. Motor Co,3019,,,,
410589,Auto Vision LLC,3016,,,,
300816,Rick Ridings Ford,3006,,,,
101003,Porsche Colorado Springs,3001.25,,,,
63815,Mercedes-Benz of Sacramento,2999.140845,,,,
382122,Car Factory Outlet Miami,2998.666667,,,,
275903,The Garage,2994.611111,,,,
60818,Cutter Dodge Chrysler Jeep Pearl City,2993,,,,
377648,Florida Direct Auto,2992.5,,,,
432706,NuVo Trade Company,2990.5,,,,
386264,Specialty Car Collection,2990.192308,,,,
375437,West Coast Motors LLC,2988,,,,
436914,DrivePanda.com-Joliet,2984,,,,
183177,Mercedes Benz of Princeton,2977,,,,
64662,Puyallup Truck Country,2972,,,,
280115,State Street Truck Stop,2966.541667,,,,
58386,Soerens Ford of Brookfield,2966,,,,
278638,Mercedes-Benz of Salt Lake City,2958,,,,
63242,San Marcos Chrysler Dodge,2951.5,,,,
275232,Valley Auto Sales,2950,,,,
433197,Mario's Auto Sales Inc,2949,,,,
405793,Only Cars NJ,2948.508772,,,,
390078,Courtesy Ford Conyers,2944,,,,
60522,Braman Miami,2942,,,,
430758,Baron Auto Emporium,2940.320755,,,,
326844,GM Sales,2938.4,,,,
55457,Greenway Dodge Chrysler Jeep,2937,,,,
285409,Integrity Motors,2933.71875,,,,
411530,Noco Services,2932.5,,,,
279142,OC Autohaus,2931.8,,,,
57122,Stearns Ford Inc,2930.666667,,,,
388019,Zimmey's Automotive Of Schaefferstown,2929.25,,,,
55598,Sunbelt Ford of Cordele,2924,,,,
399766,Certified Luxury Motors,2922.804598,,,,
367904,Midwestern,2922.666667,,,,
57007,Metro Ford Sales Inc.,2922.5,,,,
291875,Wendell Auto Brokers,2922,,,,
339483,Platinum Motor Cars,2921.142857,,,,
312007,Motor City Chevrolet Buick GMC,2918,,,,
410652,Audi Fletcher Jones,2917,,,,
275705,Greenway Nissan of Brunswick,2915,,,,
234883,Gabriel Jordan Buick GMC,2911,,,,
342637,ALM Mall of Georgia,2903,,,,
385401,Grace Motors,2899.363636,,,,
280066,Auto Drive,2896.636364,,,,
368731,Power Volkswagen,2896,,,,
433713,AMG Auto Traders,2890.75,,,,
180304,Car Factory,2888.052632,,,,
351447,Diesel World Truck Sales,2886.964286,,,,
347567,County Seat Motors,2884,,,,
302464,Spikes Ford,2883.571429,,,,
284737,Strawberry Road Auto,2883.324675,,,,
374793,BMW MINI of Escondido,2881.333333,,,,
399425,Artan Auto Center,2876.666667,,,,
411907,AutoMania,2875.666667,,,,
344296,Motorwerks,2873.333333,,,,
277399,Prestige Auto Sales,2873,,,,
392106,Truck World RVA,2869.636364,,,,
60253,BMW of San Rafael,2869.5,,,,
437552,Certified Luxury Motors VS,2868.25,,,,
283291,Mitchell Mill Motors,2867.75,,,,
50587,Behlmann Buick GMC Cadillac,2865,,,,
57430,Seth Wadley Ford Lincoln,2860,,,,
407875,Private Stock Auto Collection,2859,,,,
53325,Patriot Chevrolet of Darlington,2857,,,,
431379,Coast To Coast Cars,2856,,,,
401265,Graham Motor Company,2855,,,,
304204,Stockton Hyundai,2854,,,,
344941,Gretna Auto Outlet,2848,,,,
401587,Lupo Motors,2847.066667,,,,
276345,Desoto Auto Sales,2843,,,,
281904,Porsche Princeton,2829,,,,
311590,Bert Smith Porsche,2827.694444,,,,
66121,Ingram Park Nissan,2822,,,,
431889,Brothers Auto Sales,2820,,,,
336616,Eddie's Auto World,2818.375,,,,
275128,Select Auto Imports,2816.892473,,,,
280371,EC CARS,2816.5,,,,
55664,Corwin Ford Nampa,2816,,,,
288519,Columbia Chrysler Dodge Jeep RAM,2816,,,,
284911,Rackley Auto Group - Reno,2812.5,,,,
376938,Nationwide Motors,2812,,,,
280996,Smith Motor Company,2810,,,,
385120,Motor City USA,2809.515152,,,,
335706,Cole-Krum Chevrolet,2805,,,,
362262,Auto Boutique Chicago,2804.25,,,,
440094,Absolute Motors II,2800,,,,
363923,The Barn Miami,2798.210526,,,,
297560,Crystal Chrysler Dodge Jeep of Homosassa,2790.535714,,,,
399238,Crown Mercedes Benz Dublin,2789,,,,
438167,Imperial Highline,2788,,,,
438395,Alpha One Motors,2784.222222,,,,
187238,Auto Expo,2780.25641,,,,
349112,Jumbo Luxury Cars - Hollywood,2779.164179,,,,
435041,Club MotorCars,2778.941176,,,,
406677,TD Trucks,2777.277778,,,,
416640,Rhino Motors Group,2773.821429,,,,
351511,Samcar Inc,2773.333333,,,,
341436,RT Motors,2772.666667,,,,
61075,Mike Anderson Chrysler Dodge Jeep RAM Fiat of Marion,2768,,,,
344938,Utah Valley Autos,2768,,,,
402659,Motor Tex,2765.470588,,,,
337615,Car Dealz,2762.333333,,,,
408653,Randy Curnow Chrysler Dodge Jeep Ram,2760,,,,
339079,Euro Motorcars Bethesda,2756,,,,
310657,Porsche of Livermore,2755.836735,,,,
347868,AutoQuest,2755.666667,,,,
143754,Les Pinkham Lincoln,2755,,,,
279137,Phillips Auto,2752.436364,,,,
47469,Connell Chevrolet,2749.5,,,,
343946,A Luxury Autos,2748.8,,,,
53107,Ruddell Auto Mall,2748.166667,,,,
399399,SZ Motorcars,2747.596154,,,,
63733,Mercedes-Benz of Palm Springs,2745,,,,
277788,Hambelton LaGreca Super Center,2739,,,,
58840,Continental Honda,2738,,,,
431275,Imperium Motorsports,2737.333333,,,,
377332,Formula One Imports - East,2735.385965,,,,
280650,Westcoast Auto Sales,2735,,,,
415932,Porsche Charleston,2734.522727,,,,
436600,All Around Auto Sales,2734.5,,,,
51517,Dale Earnhardt Chevrolet,2728,,,,
219291,Brubaker Chrysler Jeep,2727,,,,
410692,Ellenberg Motors,2721.75,,,,
334235,Gaudin Ford,2718.5,,,,
336753,Providence Chrysler Dodge Jeep RAM,2718,,,,
64544,Audi Grapevine,2717,,,,
67831,Germain Kia,2717,,,,
278053,Crest Volvo Cars,2711.5,,,,
371267,Volvo of Macon,2710,,,,
345579,Rickenbaugh Infiniti,2705,,,,
64342,Mercedes-Benz of Greensboro,2704.772727,,,,
439840,Maserati and Alfa Romeo of Monmouth,2704.466667,,,,
68081,Car Pros Kia,2704,,,,
342091,EZ Auto Finance,2703.5,,,,
408195,Classic Motors,2699.571429,,,,
385778,Century Trucks & Vans,2695.747619,,,,
276481,Toy Barn of Dublin,2694.566434,,,,
373569,Selective Motor Cars,2694,,,,
56739,Beartooth Ford,2687,,,,
298813,Porsche of the Village,2686,,,,
410085,Track & Field Motors,2685.625,,,,
390051,Auto Sale of K & Z,2684,,,,
434167,Falcon Auto Brokers LLC,2682.567568,,,,
385825,Davis Motor Co,2682,,,,
279828,Blue Grass Audi,2681,,,,
354021,California Cadillacs and Collectibles,2680.176471,,,,
275407,Hi-Line Autohaus,2678,,,,
438402,Kearny Mesa Car Sales,2677.25,,,,
284104,Bergstrom Imports of Oshkosh,2673.75,,,,
305563,Autodynamics Inc.,2671.927273,,,,
378376,Budget Car Sales of Harrisburg,2671.142857,,,,
380531,Moorhead Motors LLC,2669,,,,
362301,Clouse Motor Company Inc,2668.4,,,,
285173,Auto Gallery Mitsubishi - Corona,2667.451923,,,,
389338,OC Chief Auto,2666.777778,,,,
430598,Paley Auto Group,2663,,,,
372840,AA Discount Auto Sales,2662.105263,,,,
56229,Whited Ford Truck Center,2661.560976,,,,
367391,Porsche Bellevue,2660,,,,
434070,VIP Auto House Inc,2659.458333,,,,
326301,Lot 31 Auto Sales,2658,,,,
280610,Alpine Motors Inc,2655,,,,
349064,West Coast Motorcars,2653.657143,,,,
336279,Doug Justus Auto Center,2653,,,,
320120,Street Dreams LLC,2652.6,,,,
402873,The Truck Shop,2652.5,,,,
392721,Auto Outlet,2649.359862,,,,
397812,AutoFair Honda in Manchester,2648,,,,
430818,AMKO of Waldorf,2647.355932,,,,
336573,Martin Motor Company,2646.666667,,,,
326367,Robbins Chevrolet,2646.25,,,,
404117,GQC Auto Sales,2646,,,,
55644,Windward Ford of Hawaii,2644,,,,
376051,Klasse Auto,2642.875,,,,
378323,iDrive Utah,2642.873874,,,,
412287,Exotic Motorsports of Oklahoma,2636.888889,,,,
400119,Montana Auto Traders,2636.333333,,,,
397517,Porsche South Bay,2634.836735,,,,
53182,Lynch Buick GMC of West Bend,2630,,,,
414605,AZGT,2629.2,,,,
440395,Bentley Jacksonville,2627.428571,,,,
336920,Perillo Downers Grove,2626.833333,,,,
318563,Swiss Motor Sales,2626.5,,,,
437590,EDITION MOTORS LLC,2624.6,,,,
439287,Freedom Auto Sales,2622,,,,
288613,Bill Cramer Chevrolet Buick GMC,2617.5,,,,
340140,Luther Burnsville Hyundai,2614,,,,
406401,Handsome Motors,2613.666667,,,,
284952,Car Lux,2612.666667,,,,
302565,Ryan O'Neal Autos,2609.371429,,,,
240270,Dean Motor Cars Incorporated,2608.25,,,,
436328,Goens Automotive,2603,,,,
436307,Top Gear Auto Traders,2600.714286,,,,
65849,Volvo of Dayton,2600.333333,,,,
439503,Best Luxury motors 2,2599.306818,,,,
67210,Mark Kia,2597,,,,
293380,Jack Daniels Porsche,2595,,,,
392916,B&N Auto Sales,2595,,,,
337727,Scotti's Auto Sales,2594.755102,,,,
275782,Astro Lincoln,2594,,,,
335109,Don's Automotive Group Broussard,2593,,,,
405462,Super Deal Motors,2592,,,,
392318,Alfa Romeo of Fort Worth,2590.673469,,,,
376864,Lowery's Auto Sales,2589,,,,
375154,Autorama Sales Inc,2588.8,,,,
371280,SD Motorwerks,2588.117647,,,,
335350,The Car Company,2588,,,,
292717,Porsche Norwell,2587.787879,,,,
437531,Avis Car Sales - Houston,2587.5,,,,
273715,Hylan Auto Sales and Service,2585.928571,,,,
55900,Eddie Gilstrap Motors Inc.,2582.928571,,,,
403820,Car Factory Outlet Hollywood,2579.635983,,,,
413866,SHIFT AUTOMOTIVE GROUP,2577,,,,
417419,Pine Auto Sales,2576,,,,
386655,Stewarts Auto Sales,2575.666667,,,,
50398,Morrie’s Golden Valley Cadillac,2574,,,,
373549,World Auto,2573.487805,,,,
285108,Desert European Motorcars,2573.348837,,,,
310014,Port Lavaca Dodge Chrysler Jeep,2567,,,,
64802,Nissan Van Nuys,2566,,,,
438614,Certified Performance Motors,2565.155556,,,,
64068,Mercedes Benz of New Orleans,2564.857143,,,,
308521,Hekhuis Motorsports,2564,,,,
379414,Lamborghini Paramus,2563.964286,,,,
51226,Barstow Motors Inc.,2559.714286,,,,
278104,H.M. Dodd Motor Company,2558.809524,,,,
368904,Mercedes Benz Of Caldwell,2557.714286,,,,
65405,Bob Bell Ford Hyundai,2554,,,,
66406,Porsche Redwood City,2553.833333,,,,
362072,American Truck Source,2552.684211,,,,
339924,Faine's Auto Sales,2552.365854,,,,
326891,Mastria Mazda,2552,,,,
342189,Clay Cooley Mitsubishi,2550,,,,
382122,Car Factory Outlet Miami,2547.824803,,,,
438147,Jetset Automotive,2547,,,,
414284,Bravos Auto World,2544,,,,
311993,Bob Martin Auto Sales,2543,,,,
294135,Keeler BMW,2543,,,,
311518,Elite Jeeps Inc.,2540.769231,,,,
312866,Executive Auto Sales,2540,,,,
378216,Price & Compare Cars,2538.555556,,,,
366411,National Livery Sales,2536.75,,,,
409640,Matrix Motors,2535.714286,,,,
353297,Gigante Auto Group LLC,2535,,,,
64528,Mercedes-Benz of Plano,2534,,,,
64074,Paducah Ford Lincoln Mazda,2532.5,,,,
383688,Champion Auto Sales 2,2528.56,,,,
392153,Uncle Mikes Autos,2528.176471,,,,
300806,Heller Ford,2528,,,,
397969,Little Apple Toyota Honda,2523,,,,
390601,Miller & Miller Nissan,2522.227273,,,,
411381,DNA Auto Brokers LLC ,2521,,,,
47456,Anderson Chevrolet,2520,,,,
284927,European Auto House,2519.073171,,,,
284677,XSell Motors,2514.115385,,,,
365628,Lynn Layton Cadillac,2514,,,,
370470,Turnersville Chrysler Jeep Dodge Ram,2514,,,,
308395,Platinum Motorcars,2512.36,,,,
434278,Impulse Cars LLC,2510,,,,
376229,Marathon Motors Inc,2506.176471,,,,
440734,Xpress auto motors,2505.333333,,,,
361976,Drake Auto Sales LLC.,2505,,,,
146051,Marketplace Chevrolet Buick,2504.5,,,,
343886,Perry Motors Toyota,2503,,,,
390889,Coastal Car Connection Inc,2500.285714,,,,
365393,Supreme Motors,2499,,,,
402993,Kelly's Cars,2496.857143,,,,
417190,Exotic Auto Group,2494.803922,,,,
388531,On the Circuit Cars & Trucks,2494,,,,
319369,Double TT Auto,2494,,,,
287296,North State Auto Sales,2492.236111,,,,
435030,5 Points West Motors,2489.888889,,,,
433648,GROUP WHOLESALE,2489.652174,,,,
60877,Pugi Downers Grove,2486,,,,
305551,Trust Motors LLC,2485,,,,
438233,House of Cars Arizona,2483.859649,,,,
338128,Holman Motorcars St. Louis,2483.806452,,,,
326237,Ranger Auto Sales,2483.4,,,,
291414,Findlay Lincoln,2482.666667,,,,
405295,Carvana,2480.444444,,,,
434411,GLORY AUTO,2480,,,,
333096,Fletcher Jones Motorcars of Fremont,2479.5,,,,
319518,Mangum Auto Sales,2478.818182,,,,
327986,Quality Engines Auto Sales,2478,,,,
349271,Motorgroup LLC,2477.088235,,,,
375488,City Motors Pueblo,2477,,,,
376363,East Dallas Diesel,2476.264706,,,,
373168,KKS Auto Sales,2476.102564,,,,
56626,Keith White Ford-Lincoln,2475,,,,
274716,Lancaster Nissan,2474.333333,,,,
280943,Monroe Dodge Chrysler Jeep Ram Superstore,2474,,,,
437032,Texas Car Deals,2473.071429,,,,
239741,Classic Chevrolet Sugar Land,2472,,,,
67371,Miller Motorcars,2469.220736,,,,
59409,Gillman Honda of San Benito,2468,,,,
299095,Best Deal Auto Sales - Fort Wayne,2468,,,,
336149,DriveTime Alta Mere,2467.313131,,,,
305432,Exclusive Automotive Group,2466.403509,,,,
434798,City Autoplex,2466,,,,
282631,Best Auto Outlet,2464.322034,,,,
318348,Lakeshore Auto Sales LLC,2462,,,,
341685,MasterCars Company Inc.,2461.666667,,,,
317755,Roadmaster Auto Sales,2461,,,,
61109,Washington Chrysler Center,2460.954545,,,,
336098,DriveTime Lewisville,2460.875,,,,
307474,Miami Auto Broker,2458.909091,,,,
405461,Black Label Auto Firm,2457.642857,,,,
365559,Keffer Mazda,2456,,,,
405741,TCM AUTO SALES LLC,2454.8,,,,
386874,Honest Auto Sales,2452.666667,,,,
277300,West Suburban Auto Sales Inc.,2452,,,,
437150,AC Auto Brokers,2452,,,,
278617,National Auto Plaza - Sandy,2451.689655,,,,
302858,Rocky Mountain Yeti Afton,2451.25,,,,
349910,Atoka Wholesale Motors,2450.653846,,,,
293319,Autoland Chrysler Jeep Dodge Ram,2450,,,,
268582,BMW of Brooklyn,2449.434783,,,,
400740,Bos Auto,2448.474576,,,,
414583,GASOLINE ALLEY AUTO BROKERS INC,2445,,,,
311604,Imports Unlimited of Naples,2438.939394,,,,
282435,21st Century Auto Group,2437.01107,,,,
438334,NY Luxury Motors,2434.020408,,,,
375329,Oroville Ford Inc.,2433.086957,,,,
103920,Porsche Delaware,2432.480519,,,,
403797,LUXGEAR MOTORS,2431,,,,
276525,Mathews Dodge Chrysler Jeep - Marion,2429,,,,
311341,H & O Auto Sales,2427.25,,,,
53245,Wheel Way,2425.785714,,,,
401091,Jax Auto Group,2423,,,,
379157,Select Auto OC,2421,,,,
330909,Wisdom Motors,2421,,,,
316815,Royers 322 Motors,2419,,,,
64381,Mercedes-Benz of North Olmsted,2418.666667,,,,
281538,Don's Automotive Group,2418.666667,,,,
55146,Galpin Ford,2418.114094,,,,
375045,Lending Group Auto,2418,,,,
353416,Roy's Auto Plaza,2417,,,,
307551,Land Rover Tampa,2416.2,,,,
274295,Mercedes Benz of Southampton,2415,,,,
370460,Volvo Cars of Mission Viejo,2415,,,,
275011,Criswell Chrysler Jeep Dodge RAM FIAT,2414,,,,
436334,Avis Car Sales - Victorville,2413.711656,,,,
389214,Minnesota Motorcars,2413.428571,,,,
345609,i LUXMOTORS,2412.84,,,,
371449,Net Car Showroom,2412.571429,,,,
283128,Classic Motors,2412.081081,,,,
340320,Auto and Parts Locator Co.,2411.5,,,,
407097,RT 130 Motors,2409,,,,
101248,Bob Penkhus Mazda at Powers,2408,,,,
290453,Global Imports BMW,2407,,,,
350686,Southeast Auto Showroom,2404.833333,,,,
390051,Auto Sale of K & Z,2402.235294,,,,
268084,European Auto Services llc,2401,,,,
53834,Cascade Auto Center,2398,,,,
408035,Motor Envy,2397,,,,
416128,NEW PBB AUTO,2395.823529,,,,
440735,Shelor Motor Mile,2393,,,,
349005,Mancuso Motorsports,2391.444444,,,,
275763,Peter Boulware Toyota,2390,,,,
406400,TXLUXURYAUTO.COM,2389.909091,,,,
325081,Moses Auto Group,2389,,,,
397651,Gravity Autos Roswell,2385,,,,
58415,Badger Ford Truck Center,2384.3125,,,,
48498,Al Piemonte Chevrolet of Dundee,2380.346939,,,,
334891,Texas Diesels,2379.869565,,,,
439284,Carsandpickups.com - Buda,2379.442623,,,,
332147,Delashmit Motors,2377.785714,,,,
333524,VA Quality Motors,2376.25,,,,
337988,McPhail's Auto Sales,2375,,,,
386758,Robbins Auto Sales,2374.9,,,,
311549,Brascar Auto Sales,2373.666667,,,,
312262,Montgomery Auto Plaza,2371.466667,,,,
294519,Porsche Pittsburgh,2369.938776,,,,
432927,Avis Car Sales - West Palm Beach,2369.378641,,,,
60585,O'Steen Volkswagen,2369,,,,
383318,Hayes Chrysler Jeep Dodge Ram Baldwin,2367,,,,
383922,Gaven Auto Group,2365.434343,,,,
285068,Ideal Motor Group,2364.173913,,,,
439931,PROCAR,2363,,,,
412091,Ragu's Rt. 66 Motors,2362.5,,,,
59864,Land Rover South Dade,2361.542169,,,,
414672,Parkway Auto Sales,2353,,,,
399885,Avis Car Sales - Oakland,2352,,,,
50706,F.C. Kerbeck & Sons,2349.084211,,,,
59876,Jerry Damson Acura,2348,,,,
284332,Greater Chicago Motors,2346.25,,,,
112751,Parks Lincoln of Tampa,2345.166667,,,,
304956,Imports Auto Group LLC,2345.076923,,,,
383763,Mr. Car City,2342.6,,,,
378254,6K & Under,2342,,,,
67457,Kia Atlanta South,2341,,,,
335096,Boardwalk Motor Cars,2340.930233,,,,
366374,Russ Darrow Mazda of Milwaukee,2333.333333,,,,
279543,Lithia Chrysler Jeep Dodge of Klamath Falls,2332,,,,
369221,Hertz Car Sales Bell Road,2331.5,,,,
349168,Toyota of Surprise,2331,,,,
392665,European Exotic Center,2329.818182,,,,
363017,Luxury Motors of Bay Area,2327.916667,,,,
417687,EA Motorgroup,2325.625,,,,
415965,EchoPark Automotive Houston,2325,,,,
400096,Jackson Nissan,2325,,,,
418466,WK Motors Inc.,2325,,,,
376140,Pollard Pre Owned,2320.5,,,,
183014,Baker Chrysler Jeep Dodge Ram,2319,,,,
311729,Greg Coats Cars and Trucks,2318.556604,,,,
340804,Select City Cars,2318,,,,
56794,Reinecke Motor Co.,2316,,,,
53244,Parsons of Eagle River Incorporated,2315.333333,,,,
410786,Ultimo Motors NorthShore,2314.337209,,,,
291810,Celebrity Cars Las Vegas,2314.151515,,,,
437685,Plattners Palm Auto Max,2313.840909,,,,
317717,Bird Road Auto Sales,2313.090909,,,,
369114,Prestige Auto of South Florida,2313,,,,
288626,Roman Chariot,2312.604167,,,,
303393,Chequered Flag International,2312.378378,,,,
327310,Bill Gatton of Johnson City,2311.666667,,,,
397986,Astorg Auto of Charleston,2310.333333,,,,
357963,Luxury Motor Club,2309.5,,,,
399420,Tri-State Off Road,2309.15,,,,
297893,Trucks Work and Play,2309.129032,,,,
47033,Herb Chambers Toyota of Auburn,2307.6,,,,
348711,Nachbar Automotive,2306.567568,,,,
393037,Alpha Motorsports II,2306,,,,
433738,Prestige Cars of Hollywood,2305.724138,,,,
297380,Braman BMW Jupiter,2304.655738,,,,
293220,Colonial Toyota,2304.271028,,,,
350177,Gary's Auto Sales,2302,,,,
334732,Eastside Subaru,2301,,,,
432451,Mankin Custom Motors,2300.666667,,,,
283361,World Auto,2300,,,,
328123,Brown Chevrolet Buick GMC of Eagle Pass,2299.25,,,,
438464,HTX Auto Group,2298.75,,,,
275108,Auto Buying Service,2298.460784,,,,
224440,Philips Motor Company Inc.,2298.25,,,,
286013,Southtown Motors,2297.923077,,,,
61943,Lithia Chrysler Jeep Dodge of Great Falls,2296,,,,
59390,Gillman Honda Houston Southwest,2295,,,,
283786,Dutro Ford Lincoln Nissan Inc.,2293,,,,
405280,Carvana,2291.72,,,,
51921,Knippelmier Chevrolet,2290,,,,
439300,Deluxe Auto Group Inc,2288,,,,
388725,Saii Enterprises LLC,2288,,,,
291246,Liberty Cars and Trucks,2286.818182,,,,
55426,Palm Coast Ford,2284.369565,,,,
378473,Leonard Truck & Trailer,2283.833333,,,,
367641,222 Newbury Motors,2282.428571,,,,
397901,Class Auto Trade Inc,2281,,,,
47573,Greiner Buick GMC,2280.75,,,,
368051,44 Auto Mart,2279.357143,,,,
434412,Luxury Line,2279,,,,
392667,Betten Baker South Haven,2279,,,,
438568,GLH Auto Group LLC,2277.142857,,,,
279381,Steves Chevrolet,2277,,,,
386212,Elite Auto Traders,2272.277778,,,,
366302,BMW Mini of Freeport,2271.666667,,,,
63813,Mercedes-Benz of El Dorado Hills,2271.506024,,,,
334628,Payless Car Sales,2271.428571,,,,
349384,Motorsports Unlimited,2271.227273,,,,
414607,EchoPark Automotive Charlotte,2271,,,,
369771,Mark Neader Automotive,2271,,,,
111815,Napleton's Palm Beach Acura,2270,,,,
311003,Ray Catena Imports,2269.571429,,,,
332678,Kar Nutts,2268.846154,,,,
415134,Scottsdale Motors LLC,2268.444444,,,,
406732,All American Auto Inc,2268,,,,
351191,Kandi Auto Sales,2266.333333,,,,
432571,ASM Cars,2264,,,,
307319,Mercedes-Benz of Columbus,2264,,,,
366951,Regal Chevrolet,2264,,,,
415297,Augusta Mitsubishi,2264,,,,
326291,All in One Auto Group,2263.666667,,,,
369236,The Car Consultants,2263.333333,,,,
275931,Ferrari Maserati of Palm Beach,2262.870968,,,,
440460,Lawrence Motorsport,2262.52027,,,,
381181,California Auto Trading,2262,,,,
326467,Ziepke Motors,2260.75,,,,
431524,Avis Car Sales - Colton,2260.357143,,,,
341112,Northside Alfa Romeo-FIAT,2260,,,,
310341,Arizona Classics,2259.75,,,,
410369,Sterling CDJR Buick GMC West,2259.428571,,,,
291205,Premium Finance,2258.677419,,,,
434878,Roman Motor Sales,2258.5,,,,
54933,Toyota of Fort Worth,2256,,,,
123922,Land Rover Lake Bluff,2255.452381,,,,
392002,M&M Motors,2253.833333,,,,
351579,Miers Motorsports,2253.75,,,,
416152,AH Ride in Pride Auto,2253.666667,,,,
284884,Auto Junction Benz & Beemers,2252.753846,,,,
376366,Southeast Automotive,2251,,,,
335125,All American Motors,2251,,,,
54188,Middletown Toyota,2251,,,,
413874,Turck's Garage,2248.5,,,,
232136,Lewisville Autoplex,2248.194969,,,,
298135,Kirk Toyota,2248,,,,
110660,Al Hendrickson Toyota,2248,,,,
407697,Wholesale Enterprises,2246.533333,,,,
307639,Gene Gorman's Auto Sales,2246,,,,
333231,Wray DeHart Auto Sales,2246,,,,
285114,Metro Auto Loan,2245.268657,,,,
284947,Platinum Auto Haus,2244.891892,,,,
369350,BMW of Meridian,2243.392857,,,,
437882,Parkwood Auto Mall,2242.786667,,,,
342986,Autoleader,2242.5,,,,
431238,Autos Direct Plus,2242,,,,
284224,Prestige Imports,2241.333333,,,,
55345,Spradley Barr Ford Lincoln of Greeley,2241,,,,
368057,Ozark Motorsports,2241,,,,
318270,R21 Motorsports,2240.483871,,,,
437657,Pioneers Auto Broker LLC,2240.333333,,,,
397726,Dependable Auto Sales,2240,,,,
405713,World Star Auto Sales Inc.,2239.9375,,,,
374259,A&M Enterprises LLC,2239,,,,
277519,Rod Baker Ford,2239,,,,
380223,Velocity Motors,2238,,,,
436421,Moontown Motors,2235.25,,,,
410926,911Motorwerks,2234.75,,,,
281902,Auto Holding,2233.772321,,,,
283608,Volkswagen of New Port Richey,2233,,,,
300483,Sunrise Chevrolet,2232.666667,,,,
413307,Arrigo Dodge Chrysler Jeep Ram Margate,2232,,,,
310899,West Coast Auto Works,2231.333333,,,,
50626,High Plains Motors Inc.,2228.727273,,,,
405330,Gray Point Automotive,2227.733333,,,,
430351,Rumble Auto Holdings,2227.333333,,,,
414151,CV Wholesale,2224.823529,,,,
310115,Hayes Motor Co,2224.567742,,,,
439988,NWA Auto Sales,2224.555556,,,,
56382,Skalnek Ford Inc,2224,,,,
231371,Carsandpickups.com,2223.08871,,,,
280951,Terry Halbert Auto Sales,2221.666667,,,,
433472,FORCE Customs,2221.153846,,,,
333853,Certified Import Auto Sales,2220.8,,,,
346077,Integrity Automotive LLC,2220.0625,,,,
306298,LK Fine autos,2220,,,,
312949,Leavitt Brothers Auto Discount,2220,,,,
55228,Santa Maria Ford Lincoln,2220,,,,
408782,Midwest Highline,2218.5625,,,,
53597,Price Chevrolet,2218,,,,
370444,Bob Steele Used Cars Trucks & SUV's Merritt Island,2216,,,,
277709,Mercedes-Benz of Kansas City,2215.645161,,,,
407946,Lamborghini Austin,2215.5,,,,
50947,Galles Chevrolet Company,2214,,,,
325480,Reliance Chevrolet Buick GMC,2213.880503,,,,
393037,Alpha Motorsports II,2213.692308,,,,
361921,Unlimited Auto Group,2213,,,,
379658,Exotic Car Trader,2213,,,,
343793,Travers GMT Auto Sales West,2213,,,,
399154,NTX Auto Exchange,2212.727273,,,,
409425,Elite Motor Group,2212.043478,,,,
276417,CarMax Louisville - No offering Curbside Pickup,2211,,,,
311569,Marino Performance Motors,2210.676471,,,,
276510,Bexley Motorcar Co.,2210,,,,
277755,Henry Martens Chevrolet Buick GMC,2210,,,,
303239,Sisbarro Truck Store,2209.928571,,,,
305872,Perry's Auto Sales & Service Inc.,2209.5,,,,
307562,Hi Line Imports,2208.90625,,,,
335028,Charlie's Chevrolet,2208.5,,,,
275041,BMW of Owings Mills,2205.571429,,,,
349703,Private All Star Cars,2205.55,,,,
283308,Felix Sabates Ford Lincoln,2205,,,,
374183,Loyal Signature Motors Inc,2202.5,,,,
417670,Smart Auto Leasing,2200.043478,,,,
332917,Corbett Motors Inc,2200,,,,
374641,Jim Mcpherson Auto Sales,2199.8,,,,
349020,Eagle Automotive LLC of Huntsville,2199.695652,,,,
281728,Euro Motors Service and Sales,2199,,,,
434273,Trtex Auto Group LLC,2198.666667,,,,
369480,IntelliCar,2198.433333,,,,
392726,Advantage Motorsports USA,2198,,,,
368335,Awesome Ford,2197,,,,
413769,Texas Truck Barn LLC,2194,,,,
407735,House of Kars,2193.625,,,,
274337,Performance Motorcars,2193.075949,,,,
279641,Larson Chrysler Jeep Dodge of Puyallup,2192,,,,
402663,Vails Automotive,2192,,,,
333554,Wasatch Auto Exchange,2191.857143,,,,
387397,Scotty's Auto Sales Inc.,2189,,,,
281058,TLC Motors,2189,,,,
407091,Pre Owned Only.com,2188.928571,,,,
315605,Shine On Auto Sales,2188.6,,,,
413790,J&S Auto LLC,2188.038462,,,,
273668,Dalzell Brothers,2187,,,,
61892,Woody's Automotive Group - Chillicothe,2186,,,,
350893,Euro Star Auto Sales,2185.75,,,,
413674,Down East Auto LLC,2185.133333,,,,
415126,Central Texas Auto Group,2184,,,,
283154,Heritage Toyota Catonsville,2183,,,,
386258,Palm Beach Auto Wholesale,2182.05,,,,
316015,Island Auto Sales,2182,,,,
367691,Becks Auto Group,2182,,,,
368503,Sacramento Luxury Motors,2181,,,,
439573,Hometown Truck & Auto,2180.214286,,,,
61307,Tim Short Chrysler Dodge Jeep,2178.5,,,,
397780,Auto Boutique - Jacksonville,2178.037406,,,,
431850,Car Buyers Advocate,2176,,,,
287686,Shamrock Group LLC,2175.76,,,,
377621,Wright's Auto Sales,2175.4,,,,
